{
  "A1": {
    "name": "リード -> 箱内 -> 鍵盤穴 -> 外部",
    "K": 0.0590575374144646,
    "fn_hz": 124,
    "Q": 5,
    "delay_ms": 0.07,
    "type": "resonant_2nd",
    "category": "A",
    "zeta": 0.1,
    "wn": 779.1149780902687
  },
  "A2": {
    "name": "箱内空気 -> ABS壁面 (音圧駆動)",
    "K": 0.01288741121711765,
    "fn_hz": 323,
    "Q": 33,
    "delay_ms": 0.07,
    "type": "resonant_2nd",
    "category": "A",
    "zeta": 0.015151515151515152,
    "wn": 2029.4688542190063
  },
  "A3": {
    "name": "箱内空気 -> 閉じたバルブ振動",
    "K": 0.0032218528042794125,
    "fn_hz": 50,
    "Q": 3,
    "delay_ms": 0.07,
    "type": "resonant_2nd",
    "category": "A",
    "zeta": 0.16666666666666666,
    "wn": 314.1592653589793
  },
  "A4": {
    "name": "箱内 -> パイプ逆流 -> 奏者口腔",
    "K": 0.014408563767734184,
    "fn_hz": 200,
    "Q": 8,
    "delay_ms": 0.5,
    "type": "resonant_2nd",
    "category": "A",
    "zeta": 0.0625,
    "wn": 1256.6370614359173
  },
  "A5": {
    "name": "箱内定在波 -> 隣リード連成",
    "K": 0.007891895396839639,
    "fn_hz": 536,
    "Q": 15,
    "delay_ms": 0.1,
    "type": "resonant_2nd",
    "category": "A",
    "zeta": 0.03333333333333333,
    "wn": 3367.787324648258
  },
  "B1a": {
    "name": "リード -> リベット -> リードプレート",
    "K": 0.789189539683964,
    "fn_hz": 440,
    "Q": 1000,
    "delay_ms": 0.001,
    "type": "resonant_2nd",
    "category": "B",
    "zeta": 0.0005,
    "wn": 2764.601535159018
  },
  "B1b": {
    "name": "リード -> スロット隙間空気 -> プレート面",
    "K": 0.6113035888394179,
    "fn_hz": 880,
    "Q": 30,
    "delay_ms": 0.05,
    "type": "resonant_2nd",
    "category": "B",
    "zeta": 0.016666666666666666,
    "wn": 5529.203070318036
  },
  "B2": {
    "name": "リードプレート -> ネジ -> ABS上面",
    "K": 0.5580412751520208,
    "fn_hz": 440,
    "Q": 50,
    "delay_ms": 0.01,
    "type": "resonant_2nd",
    "category": "B",
    "zeta": 0.01,
    "wn": 2764.601535159018
  },
  "B3": {
    "name": "リードプレート -> パッキン -> ABS上面",
    "K": 0.4668908280757992,
    "fn_hz": 440,
    "Q": 20,
    "delay_ms": 0.05,
    "type": "resonant_2nd",
    "category": "B",
    "zeta": 0.025,
    "wn": 2764.601535159018
  },
  "B4": {
    "name": "ABS上面 -> 側面 -> 底面 (一体成型)",
    "K": 0.7204281883867092,
    "fn_hz": 323,
    "Q": 33,
    "delay_ms": 0.21,
    "type": "resonant_2nd",
    "category": "B",
    "zeta": 0.015151515151515152,
    "wn": 2029.4688542190063
  },
  "B5": {
    "name": "ABS -> パッキン -> フレーム -> 鍵盤",
    "K": 0.06443705608558825,
    "fn_hz": 100,
    "Q": 5,
    "delay_ms": 0.5,
    "type": "resonant_2nd",
    "category": "B",
    "zeta": 0.1,
    "wn": 628.3185307179587
  },
  "B6": {
    "name": "ABS -> ネジ -> 外装カバー",
    "K": 0.17646814578651113,
    "fn_hz": 250,
    "Q": 20,
    "delay_ms": 0.1,
    "type": "resonant_2nd",
    "category": "B",
    "zeta": 0.025,
    "wn": 1570.7963267948965
  },
  "B7": {
    "name": "外装カバー -> テーブル/手",
    "K": 0.032218528042794126,
    "fn_hz": 150,
    "Q": 3,
    "delay_ms": 0.5,
    "type": "resonant_2nd",
    "category": "B",
    "zeta": 0.16666666666666666,
    "wn": 942.4777960769379
  },
  "C1": {
    "name": "ABS底面/側面振動 -> 外部空気 (主経路)",
    "K": 0.5580412751520208,
    "fn_hz": 323,
    "Q": 33,
    "delay_ms": 0.0,
    "type": "resonant_2nd",
    "category": "C",
    "zeta": 0.015151515151515152,
    "wn": 2029.4688542190063
  },
  "C2": {
    "name": "ABS壁 -> 箱内再放射 -> 鍵盤穴",
    "K": 0.32218528042794126,
    "fn_hz": 323,
    "Q": 33,
    "delay_ms": 0.1,
    "type": "resonant_2nd",
    "category": "C",
    "zeta": 0.015151515151515152,
    "wn": 2029.4688542190063
  },
  "C3": {
    "name": "閉じたバルブ振動 -> 外部",
    "K": 0.0020376786294647267,
    "fn_hz": 50,
    "Q": 3,
    "delay_ms": 0.0,
    "type": "resonant_2nd",
    "category": "C",
    "zeta": 0.16666666666666666,
    "wn": 314.1592653589793
  },
  "C4": {
    "name": "外装カバー振動 -> 外部",
    "K": 0.1288741121711765,
    "fn_hz": 250,
    "Q": 20,
    "delay_ms": 0.0,
    "type": "resonant_2nd",
    "category": "C",
    "zeta": 0.025,
    "wn": 1570.7963267948965
  },
  "C5": {
    "name": "パイプ振動 -> 外部",
    "K": 0.02495636450981166,
    "fn_hz": 200,
    "Q": 10,
    "delay_ms": 0.0,
    "type": "resonant_2nd",
    "category": "C",
    "zeta": 0.05,
    "wn": 1256.6370614359173
  },
  "D1": {
    "name": "箱内圧 -> リード (自励振動本体)",
    "K": 1.0,
    "fn_hz": 440,
    "Q": 100,
    "delay_ms": 0.07,
    "type": "feedback",
    "category": "D",
    "zeta": 0.005,
    "wn": 2764.601535159018
  },
  "D2": {
    "name": "ABS壁 -> 箱内 -> リード (二次FB)",
    "K": 0.1,
    "fn_hz": 323,
    "Q": 33,
    "delay_ms": 0.2,
    "type": "feedback",
    "category": "D",
    "zeta": 0.015151515151515152,
    "wn": 2029.4688542190063
  },
  "D3": {
    "name": "リードプレート曲げ -> 隣リード",
    "K": 0.05,
    "fn_hz": 517,
    "Q": 80,
    "delay_ms": 0.001,
    "type": "feedback",
    "category": "D",
    "zeta": 0.00625,
    "wn": 3248.406803811846
  }
}